healing,title,singer
healing,빛나는 당신을 위해,"적재, 권진아"
healing,Butterfly,러브홀릭스
healing,시작,가호 (Gaho)
healing,난 나니까,조유진 (체리필터)
healing,작전명 청-춘!,잔나비
healing,75점,커피소년
healing,그럴때마다,"윤종신, 이장우, 조규찬, 김연우, 조삼희, 김창원, 유희열"
healing,직진,더 베인
healing,VIVA청춘,딕펑스 (DICKPUNKS)
healing,행운을 빌어요,페퍼톤스 (Peppertones)
healing,우울한 날들에 최선을 다해줘,안녕하신가영
healing,힘내! (DON'T GIVE UP),TWICE (트와이스)
healing,안녕,박혜경
healing,무기력라이프,어쿠스윗
healing,젊은 날의 Sky,윤미래
healing,I Go,럼블피쉬
healing,인생은 아름다워 (With 다이나믹듀오 & Zion. T & Crush),토이
healing,범퍼카 (New Day Ver.),데이브레이크 (DAYBREAK)
healing,슈퍼스타,이한철
healing,잘 살고 있지롱,윤딴딴
healing,우린 긴 여행을 하는 거야,고고보이스
healing,소년이여,G-DRAGON
healing,Alright!,선겸 (SunKyum)
healing,오늘에 부르는,입술을깨물다
healing,좌절금지,뜨거운 감자
healing,Donkey (좋아하는 일을 해),웨일
healing,촛불하나,god
healing,산다는건 다 그런게 아니겠니,여행스케치
healing,하하하쏭,자우림
healing,인턴,옥상달빛
healing,청춘위로 (Feat. 오왠),티어라이너
healing,Gift,박효신
healing,말하는 대로,"윤성기, 조재일"
healing,고강동,박소은
healing,슈퍼히어로 (Feat. 슈퍼키드),이승환
healing,달리기,S.E.S.
healing,인공잔디,AKMU (악동뮤지션)
healing,Break (Song By 윤산하 Of 아스트로),윤산하 (ASTRO)
healing,A Flying Butterfly,YB
healing,출발,김동률
healing,청춘 (For 영화 족구왕),페퍼톤스 (Peppertones)
healing,Fly Away,라디 (Ra. D)
healing,가장 따뜻한 위로,소란 (SORAN)
healing,날아,이승열
healing,청춘열차,브로콜리너마저
healing,하루만큼 강해진 너에게,디어클라우드
healing,마음톡톡,만쥬한봉지
healing,힘 내! (Way To Go),소녀시대 (GIRLS' GENERATION)
healing,일기,몽니
healing,괜찮아,Verandah Project
